From,Base,Status
1616,1616000000102,Cancelled
1616,1616000000105,Cancelled
1616,1616000000106,Cancelled
1616,1616000000111,Cancelled
1616,1616000000113,Cancelled
1616,1616000000115,Cancelled
1616,1616000000116,Cancelled
1616000000115,1616000000121,Cancelled
1616000000107,1616000000122,Cancelled
1616000000105,1616000000123,Cancelled
1616000000102,1616000000124,Cancelled
1616000000107,1616000000125,Cancelled
1616000000102,1616000000126,Cancelled
1616000000102,1616000000127,Cancelled
1616000000105,1616000000128,Cancelled
1616000000102,1616000000129,Cancelled
1616000000102,1616000000130,Cancelled
1616000000102,1616000000131,Cancelled
1616000000116,1616000000132,Cancelled
1616000000131,1616000000133,Cancelled
1616,1616000000401,Active
1616,1616000000404,Active
1616000000400,1616000000444,Active
1616,1616000000600,Active
1616000000600,1616000000615,Active
1616000000613,1616000000622,Active
1616000000600,1616000000623,Active
1616000000623,1616000000625,Active
1616000000623,1616000000626,Active
1616000000600,1616000000627,Active
1616000000600,1616000000628,Active
1616000000627,1616000000629,Active
1616000000627,1616000000630,Active
1616000000600,1616000000631,Active
1616000000600,1616000000632,Active
1616000000623,1616000000633,Active
1616000000631,1616000000634,Active
1616,1616000000700,Active
1616,1616000000800,Active
1616,1616000001000,Active
1616,1616000001100,Active
1616000001100,1616000001104,Active
1616000001100,1616000001105,Active
1616,1616000001700,Active
1616,1616000001900,Active
1616,1616000002000,Active
1616,1616000002100,Active
1616,1616000002200,Active
1616,1616000002300,Active
1616000000121,1616010000100,Active
1616010000100,1616010000101,Active
1616010000100,1616010000102,Active
1616010000102,1616010000103,Active
1616010000102,1616010000104,Active
1616010000100,1616010000105,Active
1616000000113,1616010000200,Active
1616000000113,1616010000300,Active
1616000000113,1616010000400,Active
1616000000101,1616010000500,Active
1616000000200,1616020000100,Active
1616000000115,1616020000200,Active
1616000000115,1616020000300,Active
1616020000300,1616020000301,Active
1616000000115,1616020000400,Active
1616020000400,1616020000401,Active
1616020000400,1616020000402,Active
1616020000400,1616020000403,Active
1616000000115,1616020000600,Active
1616000000115,1616020000700,Active
1616020000700,1616020000701,Active
1616000000115,1616020000800,Active
1616000000115,1616020000900,Active
1616000000115,1616020001000,Active
1616000000115,1616020001100,Active
1616000000115,1616020001200,Active
1616020001200,1616020001201,Active
1616000000115,1616020001300,Active
1616000000115,1616020001400,Active
1616,1616020001500,Active
1616020001500,1616020001502,Active
1616020001500,1616020001503,Active
1616,1616020001600,Cancelled
1616020001600,1616020001601,Active
1616000000115,1616020001700,Active
1616000000115,1616020001800,Active
1616000000115,1616020001900,Active
1616000000115,1616020002000,Active
1616000000115,1616020002100,Active
1616000000115,1616020002200,Active
1616020002200,1616020002201,Active
1616000000115,1616020002400,Active
1616000000115,1616020002500,Active
1616000000115,1616020002700,Active
1616020002700,1616020002701,Active
1616000000115,1616020002800,Active
1616000000115,1616020002900,Active
1616000000115,1616020003000,Active
1616000000115,1616020003100,Active
1616000000115,1616020003200,Active
1616000000115,1616020003300,Active
1616000000300,1616020003400,Active
1616000000300,1616020003500,Active
1616000000300,1616020003600,Active
1616000000300,1616020003700,Active
1616000000300,1616020003800,Active
1616000000300,1616020003900,Active
1616000000300,1616020004000,Active
1616000000300,1616020004100,Active
1616000000300,1616020004200,Active
1616000000300,1616020004300,Active
1616000000300,1616020004400,Active
1616000000300,1616020004500,Active
1616000000300,1616020004600,Active
1616000000300,1616020004700,Active
1616000000300,1616020004800,Active
1616000000300,1616020004900,Active
1616000000300,1616020005000,Active
1616000000300,1616020005100,Active
1616000000300,1616020005200,Active
1616000000300,1616020005300,Active
1616000000300,1616020005400,Active
1616000000300,1616020005500,Active
1616000000300,1616020005600,Active
1616000000300,1616020005700,Active
1616000000300,1616020005800,Active
1616000000300,1616020005900,Active
1616000000300,1616020006000,Active
1616000000300,1616020006100,Active
1616000000300,1616020006200,Active
1616000000300,1616020006300,Active
1616000000300,1616020006400,Active
1616000000300,1616020006500,Active
1616000000300,1616020006600,Active
1616000000300,1616020006700,Active
1616000000300,1616020006800,Active
1616000000300,1616020006900,Active
1616000000300,1616020007000,Active
1616000000300,1616020007100,Active
1616000000300,1616020007200,Active
1616000000300,1616020007300,Active
1616000000300,1616020007400,Active
1616000000300,1616020007500,Active
1616000000300,1616020007600,Active
1616000000300,1616020007700,Active
1616000000300,1616020007800,Active
1616000000300,1616020007900,Active
